keyword,no,top keyword,top range,rising keyword,rising range
women ring,0,ring for women,100,are men and women ring sizes the same,550
women ring,1,gold women ring,40,emerald rings for women,200
women ring,2,gold ring,40,ruby ring for women,200
women ring,3,ring for women gold,31,gucci rings women,200
women ring,4,women rings,31,cartier ring,190
women ring,5,rings,30,emerald ring for women,170
women ring,6,rings for women,24,thumb ring women,170
women ring,7,wedding ring women,20,cartier,170
women ring,8,wedding ring,20,macys,170
women ring,9,diamond ring,17,pinky rings for women,160
women ring,10,diamond,17,moonstone ring,160
women ring,11,diamond ring women,16,gold price today,150
women ring,12,women ring size,16,versace ring women,140
women ring,13,ring size,16,gold rate today,130
women ring,14,engagement,14,how to measure ring size,130
women ring,15,engagement ring women,14,cartier love ring,120
women ring,16,diamond ring for women,14,kay jewelers,110
women ring,17,engagement ring,13,thumb ring for women,110
women ring,18,wedding ring for women,13,opal ring for women,110
women ring,19,engagement ring for women,12,swarovski,110
women ring,20,silver ring women,11,diamond ring for women price,100
women ring,21,silver ring,11,louis vuitton,100
women ring,22,women ring design,11,the bling ring,100
women ring,23,ring design,11,how to measure ring size women,100
women ring,24,women ring finger,10,eternity ring for women,90
,
ring for women,0,gold ring women,100,gold ring for women under 5000,3950
ring for women,1,ring for women gold,98,fendi ring,450
ring for women,2,gold ring,94,dior ring,350
ring for women,3,rings,70,silver rate today,300
ring for women,4,rings for women,69,opal rings for women,250
ring for women,5,diamond,49,ruby ring for women,250
ring for women,6,diamond ring for women,46,pinky rings for women,200
ring for women,7,diamond ring,44,emerald ring for women,200
ring for women,8,engagement ring,41,ruby rings for women,190
ring for women,9,wedding ring for women,41,eternity ring for women,150
ring for women,10,engagement,39,solitaire ring for women,150
ring for women,11,wedding ring,38,gold pendant,120
ring for women,12,engagement ring for women,36,diamond ring price for women,120
ring for women,13,ring size for women,28,pearl ring,120
ring for women,14,ring design,26,gold ring for women under 10000,110
ring for women,15,silver ring,26,thumb ring for women,110
ring for women,16,engagement rings,23,pearl ring for women,100
ring for women,17,silver ring for women,23,gucci ring,100
ring for women,18,ring design for women,23,custom rings for women,100
ring for women,19,engagement rings for women,23,kay jewelers,90
ring for women,20,ring finger for women,18,amethyst ring for women,90
ring for women,21,gold rings for women,18,emerald rings for women,80
ring for women,22,gold ring design,18,rose gold rings for women,80
ring for women,23,wedding rings,17,opal ring for women,70
ring for women,24,ring finger,17,types of rings for women,70
,
gold women ring,0,ring for women gold,100,gold ring for women under 10000,36200
gold women ring,1,ring for women,98,gold price today,350
gold women ring,2,gold rings,24,gold ring for women under 5000,250
gold women ring,3,gold ring design,23,white gold engagement ring for women,130
gold women ring,4,gold rings women,23,ring design for men,110
gold women ring,5,women gold ring design,22,silver ring for women,80
gold women ring,6,women ring design,22,ring design for women,80
gold women ring,7,ring design,22,gold rate today,70
gold women ring,8,gold ring design for women,21,gold ring design for women,60
gold women ring,9,ring design for women,20,ring for women gold,50
gold women ring,10,gold rings for women,20,ring for women,50
gold women ring,11,rings for women,19,gold ring design,50
gold women ring,12,gold ring women price,19,gold ring women price,50
gold women ring,13,gold ring price,19,gold ring for girls,50
gold women ring,14,gold price,18,women ring design,50
gold women ring,15,gold ring for women price,15,white gold ring for women,50
gold women ring,16,diamond ring,12,women gold ring design,40
gold women ring,17,diamond ring for women,11,gold rate,40
gold women ring,18,ring designs for women,9,gold chain for women,40
gold women ring,19,gold ring designs for women,8,,
gold women ring,20,gold engagement ring for women,7,,
gold women ring,21,gold rate,7,,
gold women ring,22,engagement ring for women,7,,
gold women ring,23,gold ring for men,7,,
gold women ring,24,silver ring for women,6,,
,
gold ring,0,diamond,100,nose ring designs in gold for female,750
gold ring,1,gold diamond ring,99,simple gold ring design for female,200
gold ring,2,diamond ring,97,how to measure ring size,170
gold ring,3,white gold ring,93,new gold ring design for female,150
gold ring,4,white gold,90,ear ring design in gold,150
gold ring,5,rose gold ring,81,2 gram gold ring price,130
gold ring,6,rose gold,79,boys gold ring design,130
gold ring,7,gold rings,77,3 gram gold ring,120
gold ring,8,gold ring price,77,today gold price,120
gold ring,9,gold price,77,2 gram gold ring,110
gold ring,10,ring design gold,77,gold ring price in bd,110
gold ring,11,ring design,76,nose ring gold design,100
gold ring,12,rings,74,gold engagement ring designs for female,90
gold ring,13,engagement ring gold,57,today gold rate,80
gold ring,14,engagement ring,56,bulgari ring gold,80
gold ring,15,gold ring men,47,white gold ring for women,80
gold ring,16,gold wedding ring,47,ear ring design gold,80
gold ring,17,wedding ring,46,3 gram gold ring price,70
gold ring,18,mens gold ring,40,ring designs for girls gold,70
gold ring,19,gold band ring,34,white gold nose ring,70
gold ring,20,ring for men gold,32,gold dome ring,70
gold ring,21,women gold ring,31,ring design for women,60
gold ring,22,14k gold ring,30,simple gold ring design,60
gold ring,23,yellow gold ring,30,couple gold ring design,60
gold ring,24,gold nose ring,27,ring light,60
,
ring for women gold,0,rings for women,100,gold ring for women under 5000,400
ring for women gold,1,gold rings for women,96,gold rate today,200
ring for women gold,2,gold ring design for women,90,gold ring for women under 10000,200
ring for women gold,3,gold ring design,87,gold ring for girls,170
ring for women gold,4,ring design for women,82,white gold ring for women,60
ring for women gold,5,gold ring price for women,65,engagement ring for women,50
ring for women gold,6,gold price,65,gold ring design for women,50
ring for women gold,7,diamond ring,58,tanishq gold ring for women,50
ring for women gold,8,diamond ring for women,48,ring design for women,50
ring for women gold,9,engagement ring for women,41,gold ring design,50
ring for women gold,10,ring designs for women,38,,
ring for women gold,11,gold ring designs for women,37,,
ring for women gold,12,white gold ring for women,33,,
ring for women gold,13,wedding ring for women,30,,
ring for women gold,14,gold rate,29,,
ring for women gold,15,white gold ring,29,,
ring for women gold,16,gold ring for men,28,,
ring for women gold,17,gold engagement rings for women,26,,
ring for women gold,18,engagement rings for women,24,,
ring for women gold,19,tanishq gold ring for women,24,,
ring for women gold,20,tanishq,24,,
ring for women gold,21,gold rate today,23,,
ring for women gold,22,silver ring for women,22,,
ring for women gold,23,gold earrings for women,22,,
ring for women gold,24,gold chain,21,,
,
women rings,0,rings for women,100,diamond engagement rings for women with price,1750
women rings,1,engagement,25,turquoise rings for women,1300
women rings,2,engagement rings,25,adjustable rings for women,250
women rings,3,women engagement rings,25,gucci ring,250
women rings,4,wedding rings,24,personalized rings for women,200
women rings,5,wedding rings women,24,fendi rings women,200
women rings,6,engagement rings for women,24,eternity ring,200
women rings,7,ring,20,unique engagement rings for women,180
women rings,8,wedding rings for women,20,opal rings for women,170
women rings,9,gold rings women,20,emerald rings for women,160
women rings,10,gold rings,19,class rings for women,130
women rings,11,rings for women gold,16,chocolate diamond rings for women,130
women rings,12,ring for women,16,types of rings for women,130
women rings,13,diamond,13,rubber rings for women,130
women rings,14,women diamond rings,12,celtic rings for women,130
women rings,15,diamond rings for women,12,gucci ring women,110
women rings,16,diamond rings,12,silicone rings for women,110
women rings,17,silver rings,7,solitaire rings for women,110
women rings,18,silver rings women,7,silicone wedding rings for women,110
women rings,19,silver rings for women,6,simple engagement rings for women,100
women rings,20,engagement ring,5,gucci rings women,100
women rings,21,gold ring,5,tiffany rings for women,90
women rings,22,men rings,5,nose rings for women,90
women rings,23,jewelry,5,tiffany and co,90
women rings,24,pandora,5,eternity ring for women,90
,
rings,0,lord of the rings,100,rolex rings ipo,34750
rings,1,the lord of the rings,98,rolex rings share price,11350
rings,2,engagement rings,65,floating rings weeping woods,9650
rings,3,ring,55,rolex rings ipo gmp,7050
rings,4,wedding rings,39,rolex rings ipo allotment status,5950
rings,5,gold rings,29,floating rings at weeping woods,5400
rings,6,diamond rings,25,rolex rings ipo allotment date,5350
rings,7,pandora rings,16,shang-chi and the legend of the ten rings,5000
rings,8,pandora,16,shang chi and the legend of the ten rings,2450
rings,9,silver rings,15,shang chi,2200
rings,10,mens rings,14,ten rings,1250
rings,11,onion rings,13,where to watch lord of the rings,550
rings,12,men rings,12,lord of the rings 4k,350
rings,13,promise rings,12,clay rings,350
rings,14,rings for women,10,air fryer onion rings,300
rings,15,diamond engagement rings,9,mejuri rings,250
rings,16,rings movie,8,onion rings in air fryer,200
rings,17,nose rings,8,akatsuki rings,200
rings,18,amazon rings,8,chunky rings,180
rings,19,rings for men,8,glamira rings,170
rings,20,ten rings,6,harry styles rings,160
rings,21,gold engagement rings,6,matching rings,120
rings,22,the hobbit,5,engagement rings for women,110
rings,23,cheap rings,5,pura vida rings,100
rings,24,lord of the rings cast,5,peach rings,90
,
rings for women,0,engagement,100,amethyst rings for women,12700
rings for women,1,engagement rings,100,gold thumb rings for women,4800
rings for women,2,engagement rings for women,99,emerald rings for women,350
rings for women,3,wedding rings for women,78,key rings for women,300
rings for women,4,wedding rings,76,sapphire rings for women,300
rings for women,5,rings for women gold,70,chocolate diamond rings for women,250
rings for women,6,gold rings,67,turquoise rings for women,250
rings for women,7,ring,62,unique engagement rings for women,250
rings for women,8,ring for women,60,nose rings for women,200
rings for women,9,diamond rings,45,cartier rings for women,200
rings for women,10,diamond rings for women,43,louis vuitton,190
rings for women,11,diamond,42,engagement rings for women near me,170
rings for women,12,rings for women silver,27,real gold rings for women,160
rings for women,13,silver rings,26,sapphire rings,160
rings for women,14,engagement ring for women,19,opal rings for women,150
rings for women,15,engagement ring,18,engagement rings for men and women,150
rings for women,16,gold ring for women,17,eternity rings for women,150
rings for women,17,gold ring,16,anklets for women,150
rings for women,18,jewelry,16,diamond engagement rings for women with price,140
rings for women,19,pandora,16,james avery,130
rings for women,20,promise rings for women,15,ruby rings for women,120
rings for women,21,pandora rings for women,15,ruby ring for women,90
rings for women,22,pandora rings,14,adjustable rings for women,90
rings for women,23,promise rings,14,gemstone rings for women,90
rings for women,24,diamond ring,14,unique rings for women,90
,
wedding ring women,0,wedding ring for women,100,wedding sets for women,90
wedding ring women,1,wedding rings,54,wedding ring sets,70
wedding ring women,2,rings for women,44,wedding ring sets for women,60
wedding ring women,3,wedding rings for women,43,engagement rings for women,50
wedding ring women,4,wedding bands,25,wedding dresses,40
wedding ring women,5,wedding ring sets,23,,
wedding ring women,6,diamond ring for women,20,,
wedding ring women,7,wedding sets for women,19,,
wedding ring women,8,engagement rings,19,,
wedding ring women,9,wedding bands for women,19,,
wedding ring women,10,engagement rings for women,18,,
wedding ring women,11,wedding ring sets for women,18,,
wedding ring women,12,wedding band for women,17,,
wedding ring women,13,women wedding ring set,12,,
wedding ring women,14,wedding ring finger women,10,,
wedding ring women,15,wedding ring finger,9,,
wedding ring women,16,wedding ring set for women,8,,
wedding ring women,17,wedding ring finger for women,5,,
wedding ring women,18,wedding dresses,4,,
wedding ring women,19,men and women wedding ring sets,2,,
wedding ring women,20,kay jewelers,1,,
,
wedding ring,0,wedding rings,100,wedding ring sheathing,69850
wedding ring,1,rings,96,vanessa bryant wedding ring,10700
wedding ring,2,engagement ring,93,wedding ring sheating,2200
wedding ring,3,ring for wedding,79,alex lovell no wedding ring,2150
wedding ring,4,wedding band,76,andy murray wedding ring,300
wedding ring,5,gold wedding ring,58,hailey bieber wedding ring,300
wedding ring,6,the wedding ring,57,ariana grande wedding ring,250
wedding ring,7,diamond ring,56,lotr wedding ring,250
wedding ring,8,diamond wedding ring,55,kobe bryant wedding ring,190
wedding ring,9,wedding ring hand,50,couples wedding ring sets,150
wedding ring,10,ring finger,42,how many people should i invite to my wedding,130
wedding ring,11,wedding ring finger,42,finance wedding ring,100
wedding ring,12,mens wedding ring,36,which hand does wedding ring go on,100
wedding ring,13,mens ring,36,wedding ring tattoo ideas,100
wedding ring,14,wedding ring sets,35,his and her wedding ring sets,90
wedding ring,15,engagement rings,32,what hand does a wedding ring go on for a man,90
wedding ring,16,wedding ring bands,30,which hand does your wedding ring go on,90
wedding ring,17,wedding bands,30,outlander wedding ring,80
wedding ring,18,wedding ring set,27,do you wear your engagement ring on your wedding day,80
wedding ring,19,engagement ring and wedding ring,25,which finger does a wedding ring go on,80
wedding ring,20,men wedding ring,25,which hand does a wedding ring go on,80
wedding ring,21,wedding dress,24,opal engagement ring,80
wedding ring,22,wedding ring men,24,which hand do you wear a wedding ring on,80
wedding ring,23,what hand wedding ring,21,wedding showers,70
wedding ring,24,black wedding ring,17,what finger for wedding ring,70
,
diamond ring,0,diamond engagement ring,100,lab grown diamonds,300
diamond ring,1,engagement ring,96,ban maxxis diamond ring 14,300
diamond ring,2,gold diamond ring,85,diamond hoop nose ring,130
diamond ring,3,rings,70,diamond ring price in bangladesh,120
diamond ring,4,diamond rings,67,salt and pepper diamond,110
diamond ring,5,diamond price,51,levian chocolate diamond ring,110
diamond ring,6,diamond ring price,49,diamond ring design for female,110
diamond ring,7,wedding ring,38,salt and pepper diamond ring,100
diamond ring,8,diamond wedding ring,37,diamond ring price in uae,100
diamond ring,9,diamond engagement rings,32,10 carat diamond ring price,90
diamond ring,10,engagement rings,31,diamond ring price in pakistan,70
diamond ring,11,diamond band ring,30,radiant cut diamond ring,70
diamond ring,12,black diamond,25,heart shape diamond ring,70
diamond ring,13,black diamond ring,25,radiant diamond ring,70
diamond ring,14,white gold diamond ring,22,3k diamond ring,70
diamond ring,15,emerald diamond ring,22,diamond ring for women,60
diamond ring,16,solitaire diamond ring,20,4 ct diamond ring,50
diamond ring,17,princess diamond ring,20,best way to clean diamond ring,40
diamond ring,18,solitaire ring,20,diamond ring for girls,40
diamond ring,19,2 carat diamond ring,19,2 carat emerald cut diamond ring,40
diamond ring,20,1 carat diamond,19,,
diamond ring,21,1 carat diamond ring,18,,
diamond ring,22,diamond sapphire ring,17,,
diamond ring,23,princess cut ring,17,,
diamond ring,24,oval diamond ring,17,,
,
diamond,0,diamond ring,100,diamond casino heist,22950
diamond,1,black diamond,78,pokemon brilliant diamond,12700
diamond,2,free diamond,73,diamond league 2021,10600
diamond,3,diamond free fire,60,free fire hack diamond 2020,9400
diamond,4,free fire,58,diamond jeje,7850
diamond,5,free fire free diamond,57,double diamond top up,7150
diamond,6,diamond painting,50,lil uzi vert diamond,6750
diamond,7,blue diamond,42,lil uzi vert,6000
diamond,8,diamond rings,41,lil uzi diamond,5050
diamond,9,diamond price,38,blaq diamond love letter,4100
diamond,10,diamond earrings,32,free fire redeem code,3100
diamond,11,diamonds,29,diamond pang,2900
diamond,12,diamond cut,28,avenues of the diamond,2700
diamond,13,neil diamond,26,dunia games free fire 70 diamond,1950
diamond,14,diamond white,26,diamond princess cruise ship,1850
diamond,15,diamond necklace,26,diamond and pearl remake,900
diamond,16,white diamond,25,free fire diamond hack generator,900
diamond,17,dustin diamond,22,pokemon diamond and pearl remake,900
diamond,18,diamond princess,21,dustin diamond,900
diamond,19,diamond ff,20,diamond painting wereld,700
diamond,20,kinemaster,20,ff diamond hack,700
diamond,21,kinemaster diamond,20,kinemaster diamond mod apk,700
diamond,22,pokemon diamond,19,kinemaster diamond apk download,650
diamond,23,diamond platnumz,18,generator diamond online free fire,650
diamond,24,minecraft diamond,16,diamond princess cruise,600
,
diamond ring women,0,diamond ring for women,100,eternity ring for women,46600
diamond ring women,1,diamond rings,41,platinum ring for women,70
diamond ring women,2,diamond rings for women,36,,
diamond ring women,3,rings for women,36,,
diamond ring women,4,gold ring for women,23,,
diamond ring women,5,gold diamond ring for women,21,,
diamond ring women,6,engagement rings,17,,
diamond ring women,7,diamond ring price,16,,
diamond ring women,8,engagement rings for women,16,,
diamond ring women,9,diamond ring for women price,13,,
diamond ring women,10,wedding rings,13,,
diamond ring women,11,wedding rings for women,9,,
diamond ring women,12,gold rings for women,8,,
diamond ring women,13,platinum ring for women,7,,
diamond ring women,14,diamond ring for men,6,,
diamond ring women,15,tanishq,6,,
diamond ring women,16,tanishq diamond ring for women,5,,
diamond ring women,17,black diamond ring,5,,
diamond ring women,18,wedding bands for women,4,,
diamond ring women,19,black diamond ring for women,4,,
diamond ring women,20,diamond bands for women,3,,
diamond ring women,21,white gold rings for women,2,,
diamond ring women,22,eternity ring for women,1,,
,
women ring size,0,ring size for women,100,etsy,41000
women ring size,1,average women ring size,53,average women ring size,130
women ring size,2,average ring size for women,43,how to measure ring size women,100
women ring size,3,ring size chart,38,gold rings for women,100
women ring size,4,women ring size chart,37,average ring size for women,90
women ring size,5,rings for women,26,engagement rings for women,80
women ring size,6,ring size chart for women,26,how to measure ring size,80
women ring size,7,how to measure ring size,23,rings for women,60
women ring size,8,how to measure ring size women,22,,
women ring size,9,how to measure ring size for women,6,,
women ring size,10,ring sizes for women,5,,
women ring size,11,wedding rings for women,5,,
women ring size,12,engagement rings for women,4,,
women ring size,13,how to find ring size,3,,
women ring size,14,gold rings for women,3,,
women ring size,15,etsy,2,,
,
ring size,0,ring size chart,100,what is the screen size of new fire-boltt ring smartwatch?,3700
ring size,1,measure ring size,60,how to figure out ring size at home,600
ring size,2,ring size mm,57,how to know the size of your ring finger,500
ring size,3,how to measure ring size,48,measuring ring size at home,500
ring size,4,uk ring size,45,how can you measure your ring size,400
ring size,5,rings,44,how to know the size of your ring,350
ring size,6,us ring size,39,fendi ring,350
ring size,7,size of ring,37,charmed aroma,250
ring size,8,ring size in mm,26,royal essence,250
ring size,9,pandora ring,25,ring size chart nz,250
ring size,10,pandora ring size,25,2.25 inches ring size,200
ring size,11,find ring size,24,how to.measure ring size,190
ring size,12,pandora,24,2.5 inches to mm,180
ring size,13,ring finger size,24,how do you measure your ring size,170
ring size,14,how to size a ring,23,how to find ring size at home,170
ring size,15,cm to ring size,22,size 8 ring in cm,140
ring size,16,ring size in cm,19,how to measure ring size women,140
ring size,17,mens ring size,18,how to know what size ring you are,140
ring size,18,average ring size,17,how do i measure my ring size,130
ring size,19,how to find ring size,16,how to know your ring size female,120
ring size,20,engagement ring,16,52 ring size in letters,110
ring size,21,men ring size,16,how to find your ring size at home,110
ring size,22,engagement ring size,16,how to work out ring size uk,110
ring size,23,ring sizes,15,us ring size to eu,100
ring size,24,cm to mm,14,how do i figure out my ring size,100
,
engagement,0,ring engagement,100,bakhtawar bhutto engagement,4800
engagement,1,rings,99,himanshi khurana engagement,4600
engagement,2,engagement rings,96,ankita lokhande engagement,4300
engagement,3,diamond engagement ring,14,ankita lokhande,4150
engagement,4,diamond rings,13,engagement awc.odisha.gov.in,2950
engagement,5,diamond engagement rings,13,emma stone engagement ring,2700
engagement,6,employee engagement,11,hardik pandya engagement,1850
engagement,7,wedding ring,10,youth engagement for global action,1750
engagement,8,gold engagement rings,8,gwen stefani engagement ring,1450
engagement,9,engagement party,8,katrina kaif engagement,1250
engagement,10,engagement meaning,7,lily collins engagement ring,1200
engagement,11,engagement dress,7,aaron rodgers engagement,1000
engagement,12,instagram engagement,7,demi lovato engagement,800
engagement,13,wedding rings,6,instagram engagement rate calculator,300
engagement,14,engagement photos,6,engagement makeup look,300
engagement,15,rules of engagement,6,mia khalifa engagement,250
engagement,16,engagement wishes,5,engagement artinya,250
engagement,17,community engagement,5,happy engagement wishes,200
engagement,18,engagement rate,5,engagement cake design,190
engagement,19,engagement quotes,4,engagement rate calculator,180
engagement,20,engagement gifts,4,instagram engagement calculator,160
engagement,21,customer engagement,4,engagement anniversary wishes to husband,160
engagement,22,forfait sans engagement,4,engagement rings for couples,140
engagement,23,tiffany,4,engagement adalah,140
engagement,24,engagement rings for women,4,engagement anniversary wishes,140
,
engagement ring women,0,engagement ring for women,100,white gold engagement ring for women,60
engagement ring women,1,women engagement rings,71,,
engagement ring women,2,engagement rings,65,,
engagement ring women,3,rings for women,59,,
engagement ring women,4,engagement rings for women,55,,
engagement ring women,5,diamond ring for women,26,,
engagement ring women,6,wedding rings,22,,
engagement ring women,7,diamond rings for women,18,,
engagement ring women,8,diamond engagement rings for women,17,,
engagement ring women,9,wedding rings for women,16,,
engagement ring women,10,engagement ring finger,16,,
engagement ring women,11,gold engagement rings for women,13,,
engagement ring women,12,engagement ring finger for women,12,,
engagement ring women,13,wedding bands,8,,
engagement ring women,14,wedding bands for women,8,,
engagement ring women,15,engagement ring sets for women,5,,
engagement ring women,16,white gold engagement ring for women,5,,
engagement ring women,17,wedding ring sets for women,4,,
engagement ring women,18,kay jewelers,2,,
,
diamond ring for women,0,diamond rings,100,eternity ring for women,550
diamond ring for women,1,diamond rings for women,98,,
diamond ring for women,2,rings for women,98,,
diamond ring for women,3,gold diamond ring for women,74,,
diamond ring for women,4,diamond ring price for women,46,,
diamond ring for women,5,diamond ring price,46,,
diamond ring for women,6,diamond engagement rings for women,46,,
diamond ring for women,7,engagement rings for women,40,,
diamond ring for women,8,engagement rings,39,,
diamond ring for women,9,wedding rings for women,25,,
diamond ring for women,10,tanishq diamond ring for women,21,,
diamond ring for women,11,tanishq,19,,
diamond ring for women,12,platinum diamond ring for women,15,,
diamond ring for women,13,platinum ring for women,12,,
diamond ring for women,14,black diamond ring for women,12,,
diamond ring for women,15,diamond ring for men,12,,
diamond ring for women,16,diamond earrings for women,10,,
diamond ring for women,17,eternity ring for women,10,,
diamond ring for women,18,wedding bands for women,9,,
,
engagement ring,0,engagement rings,100,patrick mahomes engagement ring,11650
engagement ring,1,rings,98,heather rae young engagement ring,11100
engagement ring,2,diamond engagement ring,87,shailene woodley engagement ring,5700
engagement ring,3,diamond ring,82,gwen stefani,2700
engagement ring,4,wedding ring,59,katie thurston engagement ring,1850
engagement ring,5,engagement ring gold,44,gwen stefani engagement ring,1550
engagement ring,6,diamond engagement rings,29,emma stone engagement ring,1350
engagement ring,7,halo engagement ring,19,demi lovato engagement ring,600
engagement ring,8,wedding rings,18,hidden halo engagement ring,550
engagement ring,9,wedding ring and engagement ring,18,engagement ring booking,450
engagement ring,10,engagement ring finger,18,1000 dollar engagement ring,300
engagement ring,11,engagement ring hand,17,gold engagement ring designs for female,110
engagement ring,12,tiffany,16,engagement ring platter,110
engagement ring,13,tiffany engagement ring,15,how much are you supposed to spend on an engagement ring,110
engagement ring,14,oval engagement ring,14,engagement ring designs for female,100
engagement ring,15,rose engagement ring,14,three stone oval engagement ring,100
engagement ring,16,sapphire engagement ring,13,which finger is for engagement ring,90
engagement ring,17,engagement ring set,13,engagement and wedding ring set,80
engagement ring,18,solitaire engagement ring,13,princess diana engagement ring,70
engagement ring,19,pear engagement ring,13,nikki bella engagement ring,70
engagement ring,20,engagement ring price,12,oval solitaire engagement ring,70
engagement ring,21,emerald engagement ring,12,engagement ring cost rule,70
engagement ring,22,rose gold engagement ring,12,do you wear your engagement ring on your wedding day,60
engagement ring,23,white gold engagement ring,11,how much is an engagement ring,60
engagement ring,24,engagement ring size,11,what finger does the engagement ring go on,60
,
wedding ring for women,0,wedding rings for women,100,wedding ring set for women,110
wedding ring for women,1,wedding rings,98,wedding ring sets for women,80
wedding ring for women,2,rings for women,93,wedding ring sets,60
wedding ring for women,3,wedding sets for women,48,wedding sets for women,60
wedding ring for women,4,wedding ring sets,46,,
wedding ring for women,5,wedding ring sets for women,45,,
wedding ring for women,6,wedding bands for women,40,,
wedding ring for women,7,wedding band for women,39,,
wedding ring for women,8,engagement rings for women,39,,
wedding ring for women,9,wedding ring set for women,20,,
wedding ring for women,10,wedding ring for men,19,,
wedding ring for women,11,wedding ring finger for women,15,,
wedding ring for women,12,ring finger for women,14,,
wedding ring for women,13,gold wedding bands for women,8,,
wedding ring for women,14,best wedding rings for women,5,,
,
engagement ring for women,0,rings for women,100,unique engagement rings for women,300
engagement ring for women,1,engagement rings,97,wedding ring sets for women,70
engagement ring for women,2,engagement rings for women,92,diamond rings for women,60
engagement ring for women,3,diamond ring for women,43,diamond engagement rings for women,50
engagement ring for women,4,diamond rings for women,34,engagement rings for women,40
engagement ring for women,5,diamond engagement rings for women,33,engagement rings,40
engagement ring for women,6,wedding rings for women,31,,
engagement ring for women,7,gold engagement rings for women,26,,
engagement ring for women,8,engagement ring finger for women,18,,
engagement ring for women,9,engagement ring finger,18,,
engagement ring for women,10,wedding bands for women,10,,
engagement ring for women,11,white gold engagement ring for women,6,,
engagement ring for women,12,unique engagement rings for women,4,,
engagement ring for women,13,wedding ring sets for women,4,,
,
silver ring,0,sterling silver,100,re8 silver ring,9950
silver ring,1,sterling silver ring,95,dior ring silver,900
silver ring,2,silver rings,68,dior ring,900
silver ring,3,rings,68,silver ring design for girl,400
silver ring,4,gold ring,61,fendi ring,350
silver ring,5,men silver ring,35,covetous silver serpent ring ds3,300
silver ring,6,men ring,34,sterling silver ring blanks,250
silver ring,7,mens silver ring,32,gold price today,250
silver ring,8,silver ring price,30,boy ring design silver,250
silver ring,9,diamond ring,30,silver price today,200
silver ring,10,diamond silver ring,30,evil eye ring silver,180
silver ring,11,silver price,29,sterling silver thumb ring,180
silver ring,12,diamond,29,boys ring design,170
silver ring,13,ring for men,24,gucci silver heart ring,170
silver ring,14,silver 925 ring,23,silver wishbone ring,160
silver ring,15,silver ring for men,23,sterling silver turtle ring,140
silver ring,16,ring for men silver,23,snake ring,140
silver ring,17,wedding ring silver,22,silver ring designs for men,130
silver ring,18,925 silver,22,silver ring designs for girls,130
silver ring,19,black silver ring,21,silver serpent ring ds3,120
silver ring,20,ring design,21,today gold rate,120
silver ring,21,silver ring design,20,vivienne westwood,120
silver ring,22,silver band ring,18,leg ring silver,110
silver ring,23,sterling silver rings,18,etsy uk,110
silver ring,24,pandora ring,18,wrap around ring silver,110
,
women ring design,0,ring design for women,100,gold rate today,300
women ring design,1,women gold ring design,71,,
women ring design,2,gold ring,70,,
women ring design,3,gold ring design,66,,
women ring design,4,gold ring for women design,64,,
women ring design,5,gold ring for women,62,,
women ring design,6,silver ring for women,6,,
women ring design,7,ring design for men,5,,
women ring design,8,gold ring design for men,4,,
women ring design,9,gold rate today,3,,
,
ring design,0,gold,100,gold ring design 2020,70700
ring design,1,ring gold,98,latest ring design 2020,32500
ring design,2,gold ring design,97,"gold ring design for male under 10,000",9650
ring design,3,men ring design,17,blue stone ring design for female,5350
ring design,4,female ring design,15,silver ring design for girl,350
ring design,5,ring designs,15,umbrella ring design,350
ring design,6,ear ring design,15,girl finger ring design,300
ring design,7,ring design for female,14,ear ring design for girl,300
ring design,8,diamond ring,14,boy ring design silver,250
ring design,9,design diamond ring,14,gold ear ring design for girl,200
ring design,10,ear ring,13,today gold price,200
ring design,11,design engagement ring,13,ring ceremony,200
ring design,12,silver ring,13,simple gold ring design for female,200
ring design,13,engagement ring,13,big gold ring design for female,190
ring design,14,silver ring design,13,toe ring design,160
ring design,15,stone ring design,13,simple ring design for female,150
ring design,16,gold price,13,simple ring design for girl,140
ring design,17,new ring design,12,gold rate today,130
ring design,18,design of ring,12,small ear ring design,130
ring design,19,ring design for men,11,queen ring design,110
ring design,20,female gold ring design,11,latest ring design for girl,110
ring design,21,ring gold design female,11,boy ring design gold,100
ring design,22,gold ring design for female,11,chandi ring design for girl,100
ring design,23,women ring design,11,boys gold ring design,100
ring design,24,girl ring design,10,finger ring design for girl,100
,
women ring finger,0,ring finger for women,100,gold ring for women,110
women ring finger,1,wedding ring finger women,33,gold finger ring for women,40
women ring finger,2,wedding ring,30,,
women ring finger,3,wedding ring finger,30,,
women ring finger,4,engagement ring finger for women,22,,
women ring finger,5,wedding ring for women,20,,
women ring finger,6,wedding ring finger for women,18,,
women ring finger,7,gold ring for women,18,,
women ring finger,8,gold finger ring for women,16,,
women ring finger,9,ring finger for men,10,,
,
cartier ring,0,love ring,100,cartier 750 ring 52833a real or fake,18050
cartier ring,1,love ring cartier,97,gucci ghost ring,9100
cartier ring,2,cartier love,95,cartier 750 ring 52833a leve,6900
cartier ring,3,cartier gold ring,31,dhgate cartier ring,1450
cartier ring,4,gold ring,30,chaumet,500
cartier ring,5,cartier bracelet,28,cartier clash ring,400
cartier ring,6,diamond ring,26,clash de cartier ring,400
cartier ring,7,cartier diamond ring,24,cartier ring dupe amazon,350
cartier ring,8,rings,21,cartier dupe ring,350
cartier ring,9,cartier rings,21,dhgate,300
cartier ring,10,tiffany,20,panthère de cartier ring,300
cartier ring,11,tiffany ring,19,fendi ring,250
cartier ring,12,wedding ring,18,dior ring,250
cartier ring,13,engagement ring,18,dior,250
cartier ring,14,cartier engagement ring,18,cartier love ring dupe,200
cartier ring,15,cartier wedding ring,17,rings for women,200
cartier ring,16,cartier ring price,14,chanel bracelet,190
cartier ring,17,trinity cartier ring,14,cartier 750 ring 52833a,170
cartier ring,18,trinity ring,14,carters,150
cartier ring,19,cartier trinity,13,cartier friendship ring,150
cartier ring,20,trinity,13,christ,140
cartier ring,21,cartier band,12,cartier live ring,130
cartier ring,22,cartier love bracelet,12,cartier 750 ring,120
cartier ring,23,gucci,11,louis vuitton,110
cartier ring,24,gucci ring,11,gucci rings,110
,
cartier,0,bracelet cartier,100,adam and cartier love island,5700
cartier,1,love cartier,72,cartier surjan,5550
cartier,2,cartier ring,71,adam and cartier,4850
cartier,3,cartier watch,60,cartier love island,2700
cartier,4,jacques cartier,42,gabbie cartier,1700
cartier,5,bracelet love cartier,36,lilou cartier,1400
cartier,6,santos cartier,27,pasha de cartier parfum,800
cartier,7,cartier tank,25,cartier skeleton watch,300
cartier,8,cartier glasses,23,กํา ไล cartier,200
cartier,9,cartier watches,20,cartier santos skeleton,170
cartier,10,cartier ring love,19,anel cartier,170
cartier,11,tiffany,17,cartier frames men,160
cartier,12,rolex,15,cartier bilezik,140
cartier,13,cartier panthere,14,bratara cartier,130
cartier,14,cartier bague,13,cartier crash,130
cartier,15,cartier necklace,12,van cleef & arpels,130
cartier,16,gucci,11,cartier bileklik altın,120
cartier,17,cartier rings,11,cartier brille,120
cartier,18,cartier pasha,11,pizzeria jacques cartier,110
cartier,19,cartier perfume,11,bague clou cartier,110
cartier,20,montre cartier,10,pulseira cartier,110
cartier,21,parfum cartier,10,bague cartier femme,100
cartier,22,louis vuitton,10,cartier trinity armband,100
cartier,23,cartier sunglasses,9,cartier ohrringe,90
cartier,24,chanel,9,cartier glasses men,90
,
macys,0,macys near me,100,macys cyber monday 2019,15650
macys,1,macys sale,66,macys parade 2020,11400
macys,2,macys hours,59,macys closing stores 2020,4500
macys,3,macys furniture,59,macys fireworks 2020,2950
macys,4,nordstrom,53,macys parade 2019,1000
macys,5,kohls,46,is macys open,250
macys,6,macys shoes,46,is macys closing,250
macys,7,jcpenney,45,macys stock,150
macys,8,macys dresses,42,macys stock price,150
macys,9,macys coupon,42,coach outlet,130
macys,10,macys store,41,macys thanksgiving parade time,120
macys,11,insite macys,41,macys closing,110
macys,12,macys mens,40,macys outdoor furniture,110
macys,13,macys card,38,macys open,100
macys,14,target,37,bath and body works,100
macys,15,dillards,34,dillards near me,90
macys,16,macys credit,33,macys palm desert,90
macys,17,macys login,32,macys radley sectional,90
macys,18,macys credit card,27,macys pr,80
macys,19,macys home,26,macys el centro,80
macys,20,macys men,24,gap factory,80
macys,21,macys parade,24,macys guam,70
macys,22,macys boots,21,macys backstage,70
macys,23,macys online,20,macys bedding sale,70
macys,24,macys stock,19,macys returns,70
,
moonstone ring,0,moonstone engagement ring,100,rainbow moonstone engagement ring,300
moonstone ring,1,moonstone rings,77,vintage moonstone engagement ring,300
moonstone ring,2,gold moonstone ring,49,moonstone promise ring,250
moonstone ring,3,moon ring,46,moon magic,140
moonstone ring,4,silver moonstone ring,42,moon ring,110
moonstone ring,5,moonstone diamond ring,35,moonstone wedding ring,100
moonstone ring,6,moonstone wedding ring,31,mens moonstone ring,80
moonstone ring,7,moonstone meaning,30,moon stone,80
moonstone ring,8,rainbow moonstone ring,27,raw moonstone ring,70
moonstone ring,9,etsy moonstone ring,25,moonstone ring uk,60
moonstone ring,10,etsy,24,rose gold moonstone ring,60
moonstone ring,11,moonstone ring meaning,24,promise rings,60
moonstone ring,12,moonstone ring uk,17,silver moonstone ring,40
moonstone ring,13,rose gold moonstone ring,17,moonstone rings,40
moonstone ring,14,moon stone,16,,
moonstone ring,15,raw moonstone ring,13,,
moonstone ring,16,vintage moonstone ring,13,,
moonstone ring,17,mens moonstone ring,12,,
moonstone ring,18,alexandrite,12,,
moonstone ring,19,moonstone and diamond ring,11,,
moonstone ring,20,june birthstone,11,,
moonstone ring,21,opal rings,10,,
moonstone ring,22,moonstone engagement ring meaning,7,,
moonstone ring,23,moon magic,6,,
moonstone ring,24,vintage moonstone engagement ring,5,,
,
gold price today,0,gold price in today,100,gold price in pakistan 2020 today,26000
gold price today,1,gold rate,31,gold price today siliguri,200
gold price today,2,gold rate today,30,gold price today in siliguri,200
gold price today,3,today gold price india,20,gold price today kota,180
gold price today,4,gold price in india today,17,gold price today jammu,120
gold price today,5,gold price in india,16,yes bank share price,110
gold price today,6,today price of gold,15,sbi share price,100
gold price today,7,price of gold,15,gold price today varanasi,100
gold price today,8,today silver price,14,24ct gold price today,90
gold price today,9,silver price,14,yes bank share,90
gold price today,10,gold price today delhi,12,gold price today in moradabad,90
gold price today,11,today gold price kolkata,9,gold price today jaipur,90
gold price today,12,today gold price in delhi,9,gold price today patna,90
gold price today,13,gold price in delhi,9,gold price today in kota,90
gold price today,14,today gold price hyderabad,8,gold price today amritsar,80
gold price today,15,today gold price 22k,7,gold price today kanpur,70
gold price today,16,today 22 carat gold price,7,gold price today in jammu,70
gold price today,17,22k gold price today,7,ril share price,70
gold price today,18,gold price today mumbai,6,gold price today 22k kolkata,70
gold price today,19,gold price mumbai,6,gold price today in meerut,60
gold price today,20,gold price today pakistan,6,gold price today bbsr,60
gold price today,21,today gold price in kolkata,6,24 carat gold price in ahmedabad today,60
gold price today,22,gold price today in hyderabad,6,gold price today jodhpur,60
gold price today,23,today gold price in hyderabad,6,gold price today in up,60
gold price today,24,gold price today ahmedabad,5,gold price today gwalior,50
,
gold rate today,0,today gold price,100,gold rate in pakistan today 2020,22350
gold rate today,1,gold price,98,gold rate in kerala today 1gm,2900
gold rate today,2,gold rate today chennai,77,today gold rate in ap,150
gold rate today,3,today gold rate hyderabad,70,today gold rate mysore,100
gold rate today,4,gold rate today india,60,today gold rate in karnataka,90
gold rate today,5,gold rate today in chennai,57,today gold and silver rate in hyderabad,80
gold rate today,6,gold rate in chennai,54,gold rate today in latur,80
gold rate today,7,today bangalore gold rate,52,gold rate today bhopal,80
gold rate today,8,gold silver rate today,48,gold rate today in karnataka,80
gold rate today,9,silver rate today,48,svbc gold rate today,70
gold rate today,10,gold rate in india today,48,today gold rate in kakinada,60
gold rate today,11,gold rate in india,47,gold rate in mysore today,60
gold rate today,12,gold rate today in india,46,gold rate today kakinada,60
gold rate today,13,gold rate in hyderabad today,45,today gold rate hyderabad,60
gold rate today,14,gold rate mumbai today,44,gold silver rate today,50
gold rate today,15,gold rate in hyderabad,43,today gold rate in up,50
gold rate today,16,today gold rate delhi,42,gold rate today vizag,50
gold rate today,17,gold rate delhi today,42,today gold rate visakhapatnam,50
gold rate today,18,22 carat gold rate,35,gold rate today rajahmundry,50
gold rate today,19,today gold rate 22 carat,35,silver rate today,50
gold rate today,20,today gold rate in delhi,33,today gold rate vijayawada,40
gold rate today,21,gold rate today in bangalore,33,gold rate today nashik,40
gold rate today,22,gold rate today kerala,32,gold rate today lucknow,40
gold rate today,23,gold rate in bangalore,32,,
gold rate today,24,gold rate in delhi,32,,
,
how to measure ring size,0,how to measure your ring size,100,how to measure my ring size at home,69350
how to measure ring size,1,how to measure for ring size,88,how to figure out ring size,25850
how to measure ring size,2,how to measure ring size at home,75,how to measure a ring size at home,500
how to measure ring size,3,cm to mm,68,how to measure ring size with string,450
how to measure ring size,4,rings,63,ring size guide,250
how to measure ring size,5,how to measure ring size in cm,57,how to measure bra size,200
how to measure ring size,6,how to measure ring size in mm,56,etsy,200
how to measure ring size,7,how to measure ring size uk,52,how do you measure ring size,200
how to measure ring size,8,how to measure ring finger size,50,pandora,180
how to measure ring size,9,ring size chart,45,how to measure ring size women,170
how to measure ring size,10,inches to mm,44,how to measure your ring size at home,160
how to measure ring size,11,how to measure ring size in inches,39,how to measure ring size uk,150
how to measure ring size,12,ring size in inches,37,how to measure ring size at home,140
how to measure ring size,13,how to measure ring size men,36,how to measure my ring size,140
how to measure ring size,14,how to measure ring size women,34,how to measure ring size for men,120
how to measure ring size,15,how to measure my ring size,33,mejuri,120
how to measure ring size,16,how to measure finger size for ring,23,how to measure finger size for ring,110
how to measure ring size,17,how to measure mens ring size,23,cm to mm,110
how to measure ring size,18,how to measure ring size with tape measure,22,how to measure ring size in cm,100
how to measure ring size,19,ring sizes,21,how to measure ring size in mm,100
how to measure ring size,20,how to measure ring size us,19,how to measure ring size in inches,100
how to measure ring size,21,how to measure your ring size at home,15,how to measure ring size us,100
how to measure ring size,22,how to measure ring size for men,14,ring size in inches,90
how to measure ring size,23,how to measure a ring size at home,14,kay jewelers,90
how to measure ring size,24,pandora,14,how to measure your finger for a ring,80
,
cartier love ring,0,cartier love bracelet,100,dhgate,23150
cartier love ring,1,cartier bracelet,91,cartier love ring dupe,350
cartier love ring,2,love ring cartier gold,71,tiffany and co,160
cartier love ring,3,cartier love ring diamond,43,cartier love ring silver,50
cartier love ring,4,cartier rings,32,love ring cartier gold,40
cartier love ring,5,tiffany ring,31,cartier love ring diamond,40
cartier love ring,6,cartier love ring price,30,,
cartier love ring,7,tiffany,28,,
cartier love ring,8,fake cartier ring,23,,
cartier love ring,9,cartier love ring dupe,23,,
cartier love ring,10,the love ring cartier,20,,
cartier love ring,11,fake cartier love ring,20,,
cartier love ring,12,cartier white gold love ring,17,,
cartier love ring,13,cartier love ring men,16,,
cartier love ring,14,cartier love necklace,14,,
cartier love ring,15,cartier love ring silver,14,,
cartier love ring,16,louis vuitton,13,,
cartier love ring,17,cartier love ring rose gold,13,,
cartier love ring,18,mens cartier love ring,13,,
cartier love ring,19,tiffany and co,11,,
cartier love ring,20,hermes bracelet,6,,
cartier love ring,21,cartier love bangle,6,,
cartier love ring,22,cartier love ring with diamonds,6,,
cartier love ring,23,cartier trinity ring,5,,
cartier love ring,24,pandora,4,,
,
kay jewelers,0,kay jewelers rings,100,kay jewelers center of me,12900
kay jewelers,1,rings,99,kays fine jewelry,3250
kay jewelers,2,kay jewelry,97,kay jewelers hanover pa,2750
kay jewelers,3,jewelry,96,kay jewelers black friday 2020,1650
kay jewelers,4,jewelers near me,90,does kay jewelers sell fake diamonds,1600
kay jewelers,5,kay jewelers near me,88,kayleigh mcenany,1550
kay jewelers,6,zales jewelers,62,kay jewelers cyber monday 2019,1000
kay jewelers,7,zales,59,kay jewelers sioux falls,750
kay jewelers,8,kay jewelers necklace,58,kay jewelers black friday sale,450
kay jewelers,9,necklace,57,kay jewelers grove city,400
kay jewelers,10,kay jewelers card,56,kay jewelers virginia beach,350
kay jewelers,11,kay jewelers credit,55,kay jewelers anklet,350
kay jewelers,12,kay jewelers credit card,50,kay jewelers salem oregon,250
kay jewelers,13,pandora,36,kay jewelers mother rings,200
kay jewelers,14,engagement rings,35,kay jewelers tracking,190
kay jewelers,15,kay jewelers engagement rings,34,kay pee jewelers,180
kay jewelers,16,jared jewelers,34,engagement rings for women,170
kay jewelers,17,jared,33,is kay jewelers good,150
kay jewelers,18,kay jewelers earrings,31,kay jewelers promo code,140
kay jewelers,19,kay jewelers outlet,30,kay jewelers memphis,140
kay jewelers,20,kay outlet,30,zales outlet,130
kay jewelers,21,kays jewelers,28,kay jewelers rochester mn,120
kay jewelers,22,kays,27,kay jewelers discount code,120
kay jewelers,23,kay jewelers sale,26,jewelry stores near me,120
kay jewelers,24,jewelry stores,24,zales near me,120
,
swarovski,0,pandora,100,swarovski nl pure,8300
swarovski,1,swarovski crystal,74,swarovski christmas ornament 2020,5150
swarovski,2,crystal,74,swarovski 2019 ornament,1700
swarovski,3,bracelet swarovski,61,swarovski optik dg,1400
swarovski,4,swarovski necklace,60,swarovski schwanger,750
swarovski,5,bracelet,60,harga kalung swarovski,650
swarovski,6,earrings,53,anelli swarovski 2021,650
swarovski,7,swarovski crystals,52,victoria swarovski schwanger,550
swarovski,8,swarovski earrings,51,swarovski adalah,250
swarovski,9,ring swarovski,50,bratara swarovski,250
swarovski,10,swarovski sale,48,swarovski tennis bracelet,110
swarovski,11,swarovski victoria,43,swarovski tennis necklace,100
swarovski,12,outlet swarovski,42,swarovski ireland,90
swarovski,13,swarovski uk,42,swarovski near me,90
swarovski,14,jewelry,27,collana swarovski uomo,90
swarovski,15,swarovski jewelry,27,swarovski store near me,90
swarovski,16,swarovski canada,26,colar swarovski,90
swarovski,17,swarovski rings,25,swarovski black friday,80
swarovski,18,swarovski watch,24,swarovski discount code,80
swarovski,19,swarovski online,24,idee cadeau femme,80
swarovski,20,swarovski kette,23,swarovski voucher code,70
swarovski,21,swarovski jewellery,20,swar,70
swarovski,22,jewellery,20,swarovski crystals for nails,70
swarovski,23,tiffany,19,สร้อย swarovski,70
swarovski,24,swarovski armband,18,swarovski egypt,70
,
louis vuitton,0,louis vuitton bag,100,louis vuitton california dream,3150
louis vuitton,1,gucci,89,louis vuitton iphone 11 case,2950
louis vuitton,2,louis vuitton bags,38,louis vuitton face mask,2900
louis vuitton,3,lv,36,masque louis vuitton,2250
louis vuitton,4,chanel,29,louis vuitton filter,1450
louis vuitton,5,louis vuitton purse,27,multi pochette louis vuitton,1300
louis vuitton,6,louis vuitton shoes,27,louis vuitton maske,1250
louis vuitton,7,louis vuitton wallet,27,louis vuitton mask,950
louis vuitton,8,dior,27,louis partridge,900
louis vuitton,9,louis vuitton pochette,26,louis vuitton bts,600
louis vuitton,10,louis vuitton sac,22,on the go louis vuitton,600
louis vuitton,11,louis vuitton belt,19,louis vuitton ombre nomade,500
louis vuitton,12,prada,18,louis vuitton league of legends,450
louis vuitton,13,louis vuitton sale,15,louis vuitton airpod case,400
louis vuitton,14,neverfull louis vuitton,15,christian dior,250
louis vuitton,15,louis vuitton backpack,14,bonnet louis vuitton,200
louis vuitton,16,supreme,13,louis vuitton bucket hat,200
louis vuitton,17,louis vuitton supreme,13,louis vuitton stencil,200
louis vuitton,18,louis vuitton tasche,13,louis vuitton pochette accessoires,200
louis vuitton,19,louis vuitton sneakers,13,louis vuitton felicie pochette,170
louis vuitton,20,hermes,13,louis vuitton beanie,170
louis vuitton,21,burberry,12,dior,160
louis vuitton,22,balenciaga,12,coach outlet,120
louis vuitton,23,fendi,12,louis vuitton lock necklace,120
louis vuitton,24,louis vuitton bracelet,11,louis tomlinson,110
,
the bling ring,0,the real bling ring,100,best movies on netflix,36900
the bling ring,1,bling ring movie,48,what happened to the bling ring,29050
the bling ring,2,the bling ring movie,46,the bling ring real story,400
the bling ring,3,the bling ring netflix,43,the bling ring netflix,400
the bling ring,4,emma watson,42,the bling ring rotten tomatoes,300
the bling ring,5,the bling ring emma watson,35,the bling ring real people,250
the bling ring,6,the bling ring cast,31,the bling ring imdb,250
the bling ring,7,the bling ring story,29,the bling ring review,150
the bling ring,8,alexis neiers,24,the real bling ring,130
the bling ring,9,the bling ring real people,22,the bling ring real life,130
the bling ring,10,the bling ring film,19,the bling ring cast,70
the bling ring,11,the bling ring real story,13,,
the bling ring,12,the bling ring streaming,13,,
the bling ring,13,the bling ring real life,12,,
the bling ring,14,the bling ring trailer,11,,
the bling ring,15,the bling ring true story,11,,
the bling ring,16,the bling ring review,6,,
the bling ring,17,best movies on netflix,5,,
the bling ring,18,the bling ring full movie,5,,
the bling ring,19,the bling ring rotten tomatoes,5,,
the bling ring,20,the bling ring imdb,4,,
the bling ring,21,the bling ring 2011,4,,
the bling ring,22,sofia coppola,4,,
the bling ring,23,what happened to the bling ring,4,,
the bling ring,24,is the bling ring a true story,3,,
,
